"word,count";"Filename"
"the,456";"2020-11-12.csv"
"to,301";"2020-11-12.csv"
"and,288";"2020-11-12.csv"
"that,270";"2020-11-12.csv"
"is,230";"2020-11-12.csv"
"of,220";"2020-11-12.csv"
"we,216";"2020-11-12.csv"
"i,197";"2020-11-12.csv"
"it,184";"2020-11-12.csv"
"a,177";"2020-11-12.csv"
"you,138";"2020-11-12.csv"
"are,135";"2020-11-12.csv"
"in,129";"2020-11-12.csv"
"have,128";"2020-11-12.csv"
"vaccine,86";"2020-11-12.csv"
"this,85";"2020-11-12.csv"
"be,77";"2020-11-12.csv"
"so,75";"2020-11-12.csv"
"for,74";"2020-11-12.csv"
"not,73";"2020-11-12.csv"
"there,63";"2020-11-12.csv"
"but,63";"2020-11-12.csv"
"on,62";"2020-11-12.csv"
"people,60";"2020-11-12.csv"
"will,59";"2020-11-12.csv"
"as,57";"2020-11-12.csv"
"about,53";"2020-11-12.csv"
"know,48";"2020-11-12.csv"
"can,48";"2020-11-12.csv"
"think,48";"2020-11-12.csv"
"they,46";"2020-11-12.csv"
"at,43";"2020-11-12.csv"
"going,43";"2020-11-12.csv"
"because,43";"2020-11-12.csv"
"from,42";"2020-11-12.csv"
"well,42";"2020-11-12.csv"
"do,41";"2020-11-12.csv"
"get,40";"2020-11-12.csv"
"all,40";"2020-11-12.csv"
"what,40";"2020-11-12.csv"
"with,39";"2020-11-12.csv"
"has,37";"2020-11-12.csv"
"am,37";"2020-11-12.csv"
"out,36";"2020-11-12.csv"
"would,36";"2020-11-12.csv"
"if,35";"2020-11-12.csv"
"very,32";"2020-11-12.csv"
"or,32";"2020-11-12.csv"
"who,30";"2020-11-12.csv"
"us,29";"2020-11-12.csv"
"been,29";"2020-11-12.csv"
"up,27";"2020-11-12.csv"
"more,27";"2020-11-12.csv"
"need,26";"2020-11-12.csv"
"was,26";"2020-11-12.csv"
"question,25";"2020-11-12.csv"
"then,25";"2020-11-12.csv"
"one,25";"2020-11-12.csv"
"just,24";"2020-11-12.csv"
"got,24";"2020-11-12.csv"
"how,23";"2020-11-12.csv"
"like,23";"2020-11-12.csv"
"an,23";"2020-11-12.csv"
"say,22";"2020-11-12.csv"
"by,22";"2020-11-12.csv"
"yes,21";"2020-11-12.csv"
"time,20";"2020-11-12.csv"
"matt,20";"2020-11-12.csv"
"now,20";"2020-11-12.csv"
"dont,20";"2020-11-12.csv"
"see,19";"2020-11-12.csv"
"way,19";"2020-11-12.csv"
"go,19";"2020-11-12.csv"
"over,18";"2020-11-12.csv"
"when,18";"2020-11-12.csv"
"had,18";"2020-11-12.csv"
"some,18";"2020-11-12.csv"
"government,18";"2020-11-12.csv"
"being,17";"2020-11-12.csv"
"lot,17";"2020-11-12.csv"
"getting,17";"2020-11-12.csv"
"no,17";"2020-11-12.csv"
"which,17";"2020-11-12.csv"
"before,16";"2020-11-12.csv"
"good,16";"2020-11-12.csv"
"those,16";"2020-11-12.csv"
"also,16";"2020-11-12.csv"
"still,16";"2020-11-12.csv"
"first,16";"2020-11-12.csv"
"me,16";"2020-11-12.csv"
"through,16";"2020-11-12.csv"
"my,15";"2020-11-12.csv"
"other,15";"2020-11-12.csv"
"work,15";"2020-11-12.csv"
"nhs,15";"2020-11-12.csv"
"our,14";"2020-11-12.csv"
"them,14";"2020-11-12.csv"
"come,14";"2020-11-12.csv"
"any,14";"2020-11-12.csv"
"point,14";"2020-11-12.csv"
"disabled,14";"2020-11-12.csv"
"health,13";"2020-11-12.csv"
"much,13";"2020-11-12.csv"
"things,13";"2020-11-12.csv"
"quite,13";"2020-11-12.csv"
"population,13";"2020-11-12.csv"
"care,13";"2020-11-12.csv"
"saying,13";"2020-11-12.csv"
"into,13";"2020-11-12.csv"
"years,12";"2020-11-12.csv"
"your,12";"2020-11-12.csv"
"vaccines,12";"2020-11-12.csv"
"end,12";"2020-11-12.csv"
"than,12";"2020-11-12.csv"
"clinical,12";"2020-11-12.csv"
"answer,12";"2020-11-12.csv"
"were,12";"2020-11-12.csv"
"look,12";"2020-11-12.csv"
"uk,12";"2020-11-12.csv"
"take,12";"2020-11-12.csv"
"country,12";"2020-11-12.csv"
"something,12";"2020-11-12.csv"
"deal,12";"2020-11-12.csv"
"disability,12";"2020-11-12.csv"
"two,11";"2020-11-12.csv"
"where,11";"2020-11-12.csv"
"down,11";"2020-11-12.csv"
"audience,11";"2020-11-12.csv"
"course,11";"2020-11-12.csv"
"coming,11";"2020-11-12.csv"
"many,11";"2020-11-12.csv"
"whether,11";"2020-11-12.csv"
"really,11";"2020-11-12.csv"
"back,11";"2020-11-12.csv"
"merryn,10";"2020-11-12.csv"
"want,10";"2020-11-12.csv"
"right,10";"2020-11-12.csv"
"priority,10";"2020-11-12.csv"
"workers,10";"2020-11-12.csv"
"long,10";"2020-11-12.csv"
"rosie,10";"2020-11-12.csv"
"does,10";"2020-11-12.csv"
"able,10";"2020-11-12.csv"
"sure,10";"2020-11-12.csv"
"make,10";"2020-11-12.csv"
"week,9";"2020-11-12.csv"
"last,9";"2020-11-12.csv"
"here,9";"2020-11-12.csv"
"dover,9";"2020-11-12.csv"
"questions,9";"2020-11-12.csv"
"start,9";"2020-11-12.csv"
"only,9";"2020-11-12.csv"
"particular,9";"2020-11-12.csv"
"vulnerable,9";"2020-11-12.csv"
"made,9";"2020-11-12.csv"
"should,9";"2020-11-12.csv"
"obviously,9";"2020-11-12.csv"
"probably,9";"2020-11-12.csv"
"having,9";"2020-11-12.csv"
"their,9";"2020-11-12.csv"
"these,9";"2020-11-12.csv"
"confident,9";"2020-11-12.csv"
"huge,9";"2020-11-12.csv"
"could,9";"2020-11-12.csv"
"give,9";"2020-11-12.csv"
"panel,8";"2020-11-12.csv"
"money,8";"2020-11-12.csv"
"social,8";"2020-11-12.csv"
"after,8";"2020-11-12.csv"
"moment,8";"2020-11-12.csv"
"most,8";"2020-11-12.csv"
"put,8";"2020-11-12.csv"
"looking,8";"2020-11-12.csv"
"different,8";"2020-11-12.csv"
"mean,8";"2020-11-12.csv"
"important,8";"2020-11-12.csv"
"everyone,8";"2020-11-12.csv"
"problem,8";"2020-11-12.csv"
"terms,8";"2020-11-12.csv"
"brexit,8";"2020-11-12.csv"
"wait,8";"2020-11-12.csv"
"everybody,8";"2020-11-12.csv"
"wanted,8";"2020-11-12.csv"
"coronavirus,7";"2020-11-12.csv"
"line,7";"2020-11-12.csv"
"thank,7";"2020-11-12.csv"
"heard,7";"2020-11-12.csv"
"effective,7";"2020-11-12.csv"
"50,7";"2020-11-12.csv"
"months,7";"2020-11-12.csv"
"actually,7";"2020-11-12.csv"
"children,7";"2020-11-12.csv"
"absolutely,7";"2020-11-12.csv"
"done,7";"2020-11-12.csv"
"let,7";"2020-11-12.csv"
"place,7";"2020-11-12.csv"
"remember,7";"2020-11-12.csv"
"challenge,7";"2020-11-12.csv"
"million,7";"2020-11-12.csv"
"happen,7";"2020-11-12.csv"
"around,7";"2020-11-12.csv"
"secretary,6";"2020-11-12.csv"
"bit,6";"2020-11-12.csv"
"hope,6";"2020-11-12.csv"
"quickly,6";"2020-11-12.csv"
"year,6";"2020-11-12.csv"
"protecting,6";"2020-11-12.csv"
"pfizer,6";"2020-11-12.csv"
"safety,6";"2020-11-12.csv"
"70,6";"2020-11-12.csv"
"disease,6";"2020-11-12.csv"
"working,6";"2020-11-12.csv"
"even,6";"2020-11-12.csv"
"might,6";"2020-11-12.csv"
"covid,6";"2020-11-12.csv"
"hard,6";"2020-11-12.csv"
"said,6";"2020-11-12.csv"
"thing,6";"2020-11-12.csv"
"act,6";"2020-11-12.csv"
"sort,6";"2020-11-12.csv"
"challenges,6";"2020-11-12.csv"
"stock,6";"2020-11-12.csv"
"new,6";"2020-11-12.csv"
"normal,6";"2020-11-12.csv"
"same,6";"2020-11-12.csv"
"side,6";"2020-11-12.csv"
"effects,6";"2020-11-12.csv"
"25,6";"2020-11-12.csv"
"came,6";"2020-11-12.csv"
"plan,6";"2020-11-12.csv"
"companies,6";"2020-11-12.csv"
"lorry,6";"2020-11-12.csv"
"support,6";"2020-11-12.csv"
"both,5";"2020-11-12.csv"
"find,5";"2020-11-12.csv"
"evening,5";"2020-11-12.csv"
"home,5";"2020-11-12.csv"
"successful,5";"2020-11-12.csv"
"vaccinated,5";"2020-11-12.csv"
"safe,5";"2020-11-12.csv"
"needs,5";"2020-11-12.csv"
"impact,5";"2020-11-12.csv"
"vaccinate,5";"2020-11-12.csv"
"according,5";"2020-11-12.csv"
"lives,5";"2020-11-12.csv"
"why,5";"2020-11-12.csv"
"whole,5";"2020-11-12.csv"
"few,5";"2020-11-12.csv"
"seen,5";"2020-11-12.csv"
"may,5";"2020-11-12.csv"
"order,5";"2020-11-12.csv"
"cant,5";"2020-11-12.csv"
"off,5";"2020-11-12.csv"
"possible,5";"2020-11-12.csv"
"distribution,5";"2020-11-12.csv"
"ppe,5";"2020-11-12.csv"
"fact,5";"2020-11-12.csv"
"enormous,5";"2020-11-12.csv"
"believe,5";"2020-11-12.csv"
"did,5";"2020-11-12.csv"
"issues,5";"2020-11-12.csv"
"flu,5";"2020-11-12.csv"
"confidence,5";"2020-11-12.csv"
"life,5";"2020-11-12.csv"
"public,5";"2020-11-12.csv"
"taking,5";"2020-11-12.csv"
"trust,5";"2020-11-12.csv"
"kind,5";"2020-11-12.csv"
"else,5";"2020-11-12.csv"
"technology,5";"2020-11-12.csv"
"european,5";"2020-11-12.csv"
"while,5";"2020-11-12.csv"
"change,5";"2020-11-12.csv"
"december,5";"2020-11-12.csv"
"including,5";"2020-11-12.csv"
"access,5";"2020-11-12.csv"
"welcome,4";"2020-11-12.csv"
"he,4";"2020-11-12.csv"
"ago,4";"2020-11-12.csv"
"post,4";"2020-11-12.csv"
"onto,4";"2020-11-12.csv"
"robin,4";"2020-11-12.csv"
"live,4";"2020-11-12.csv"
"again,4";"2020-11-12.csv"
"doing,4";"2020-11-12.csv"
"lets,4";"2020-11-12.csv"
"less,4";"2020-11-12.csv"
"talking,4";"2020-11-12.csv"
"yet,4";"2020-11-12.csv"
"reason,4";"2020-11-12.csv"
"roll,4";"2020-11-12.csv"
"early,4";"2020-11-12.csv"
"soon,4";"2020-11-12.csv"
"data,4";"2020-11-12.csv"
"big,4";"2020-11-12.csv"
"taken,4";"2020-11-12.csv"
"its,4";"2020-11-12.csv"
"exactly,4";"2020-11-12.csv"
"biggest,4";"2020-11-12.csv"
"asked,4";"2020-11-12.csv"
"person,4";"2020-11-12.csv"
"affected,4";"2020-11-12.csv"
"mentioned,4";"2020-11-12.csv"
"risk,4";"2020-11-12.csv"
"virus,4";"2020-11-12.csv"
"makes,4";"2020-11-12.csv"
"between,4";"2020-11-12.csv"
"nine,4";"2020-11-12.csv"
"part,4";"2020-11-12.csv"
"weeks,4";"2020-11-12.csv"
"final,4";"2020-11-12.csv"
"buying,4";"2020-11-12.csv"
"rollout,4";"2020-11-12.csv"
"another,4";"2020-11-12.csv"
"freezers,4";"2020-11-12.csv"
"wave,4";"2020-11-12.csv"
"difficult,4";"2020-11-12.csv"
"ready,4";"2020-11-12.csv"
"recognise,4";"2020-11-12.csv"
"three,4";"2020-11-12.csv"
"given,4";"2020-11-12.csv"
"rolled,4";"2020-11-12.csv"
"world,4";"2020-11-12.csv"
"far,4";"2020-11-12.csv"
"spring,4";"2020-11-12.csv"
"agree,4";"2020-11-12.csv"
"easy,4";"2020-11-12.csv"
"days,4";"2020-11-12.csv"
"economy,4";"2020-11-12.csv"
"forward,4";"2020-11-12.csv"
"pandemic,4";"2020-11-12.csv"
"against,4";"2020-11-12.csv"
"yeah,4";"2020-11-12.csv"
"happy,4";"2020-11-12.csv"
"five,4";"2020-11-12.csv"
"increase,4";"2020-11-12.csv"
"little,4";"2020-11-12.csv"
"regulatory,4";"2020-11-12.csv"
"businesses,4";"2020-11-12.csv"
"etc,4";"2020-11-12.csv"
"im,4";"2020-11-12.csv"
"thought,4";"2020-11-12.csv"
"lots,4";"2020-11-12.csv"
"points,4";"2020-11-12.csv"
"without,4";"2020-11-12.csv"
"beginning,4";"2020-11-12.csv"
"discrimination,4";"2020-11-12.csv"
"education,4";"2020-11-12.csv"
"alone,4";"2020-11-12.csv"
"society,4";"2020-11-12.csv"
"hancock,3";"2020-11-12.csv"
"since,3";"2020-11-12.csv"
"david,3";"2020-11-12.csv"
"infection,3";"2020-11-12.csv"
"effort,3";"2020-11-12.csv"
"joining,3";"2020-11-12.csv"
"guest,3";"2020-11-12.csv"
"ten,3";"2020-11-12.csv"
"conversation,3";"2020-11-12.csv"
"ijust,3";"2020-11-12.csv"
"rest,3";"2020-11-12.csv"
"honest,3";"2020-11-12.csv"
"great,3";"2020-11-12.csv"
"gone,3";"2020-11-12.csv"
"rolling,3";"2020-11-12.csv"
"second,3";"2020-11-12.csv"
"evidence,3";"2020-11-12.csv"
"once,3";"2020-11-12.csv"
"stops,3";"2020-11-12.csv"
"developing,3";"2020-11-12.csv"
"protect,3";"2020-11-12.csv"
"six,3";"2020-11-12.csv"
"means,3";"2020-11-12.csv"
"john,3";"2020-11-12.csv"
"committee,3";"2020-11-12.csv"
"advises,3";"2020-11-12.csv"
"capacity,3";"2020-11-12.csv"
"best,3";"2020-11-12.csv"
"essentially,3";"2020-11-12.csv"
"age,3";"2020-11-12.csv"
"single,3";"2020-11-12.csv"
"simple,3";"2020-11-12.csv"
"virtual,3";"2020-11-12.csv"
"certainly,3";"2020-11-12.csv"
"scared,3";"2020-11-12.csv"
"someone,3";"2020-11-12.csv"
"particularly,3";"2020-11-12.csv"
"505,3";"2020-11-12.csv"
"head,3";"2020-11-12.csv"
"task,3";"2020-11-12.csv"
"force,3";"2020-11-12.csv"
"she,3";"2020-11-12.csv"
"advice,3";"2020-11-12.csv"
"black,3";"2020-11-12.csv"
"critical,3";"2020-11-12.csv"
"pay,3";"2020-11-12.csv"
"buy,3";"2020-11-12.csv"
"enough,3";"2020-11-12.csv"
"joe,3";"2020-11-12.csv"
"storage,3";"2020-11-12.csv"
"already,3";"2020-11-12.csv"
"several,3";"2020-11-12.csv"
"responsible,3";"2020-11-12.csv"
"add,3";"2020-11-12.csv"
"manufacture,3";"2020-11-12.csv"
"issue,3";"2020-11-12.csv"
"until,3";"2020-11-12.csv"
"hi,3";"2020-11-12.csv"
"countries,3";"2020-11-12.csv"
"along,3";"2020-11-12.csv"
"potential,3";"2020-11-12.csv"
"hand,3";"2020-11-12.csv"
"totally,3";"2020-11-12.csv"
"sorry,3";"2020-11-12.csv"
"system,3";"2020-11-12.csv"
"properly,3";"2020-11-12.csv"
"worried,3";"2020-11-12.csv"
"wants,3";"2020-11-12.csv"
"donna,3";"2020-11-12.csv"
"opinion,3";"2020-11-12.csv"
"reassure,3";"2020-11-12.csv"
"anyone,3";"2020-11-12.csv"
"concerned,3";"2020-11-12.csv"
"jay,3";"2020-11-12.csv"
"completely,3";"2020-11-12.csv"
"apply,3";"2020-11-12.csv"
"couple,3";"2020-11-12.csv"
"daniel,3";"2020-11-12.csv"
"members,3";"2020-11-12.csv"
"authority,3";"2020-11-12.csv"
"never,3";"2020-11-12.csv"
"open,3";"2020-11-12.csv"
"moving,3";"2020-11-12.csv"
"monday,3";"2020-11-12.csv"
"andy,3";"2020-11-12.csv"
"list,3";"2020-11-12.csv"
"unpaid,3";"2020-11-12.csv"
"follow,3";"2020-11-12.csv"
"transport,3";"2020-11-12.csv"
"customs,3";"2020-11-12.csv"
"ensure,3";"2020-11-12.csv"
"friday,3";"2020-11-12.csv"
"agreement,3";"2020-11-12.csv"
"union,3";"2020-11-12.csv"
"queues,3";"2020-11-12.csv"
"havent,3";"2020-11-12.csv"
"manufacturing,3";"2020-11-12.csv"
"involved,3";"2020-11-12.csv"
"competition,3";"2020-11-12.csv"
"leave,3";"2020-11-12.csv"
"youre,3";"2020-11-12.csv"
"planning,3";"2020-11-12.csv"
"treatments,3";"2020-11-12.csv"
"example,3";"2020-11-12.csv"
"trying,3";"2020-11-12.csv"
"ways,3";"2020-11-12.csv"
"legislation,3";"2020-11-12.csv"
"century,3";"2020-11-12.csv"
"supporting,3";"2020-11-12.csv"
"myself,3";"2020-11-12.csv"
"minister,2";"2020-11-12.csv"
"joined,2";"2020-11-12.csv"
"held,2";"2020-11-12.csv"
"party,2";"2020-11-12.csv"
"mp,2";"2020-11-12.csv"
"20,2";"2020-11-12.csv"
"governments,2";"2020-11-12.csv"
"brown,2";"2020-11-12.csv"
"imperial,2";"2020-11-12.csv"
"college,2";"2020-11-12.csv"
"leads,2";"2020-11-12.csv"
"chief,2";"2020-11-12.csv"
"shows,2";"2020-11-12.csv"
"such,2";"2020-11-12.csv"
"studio,2";"2020-11-12.csv"
"edinburgh,2";"2020-11-12.csv"
"tonight,2";"2020-11-12.csv"
"begin,2";"2020-11-12.csv"
"situation,2";"2020-11-12.csv"
"number,2";"2020-11-12.csv"
"please,2";"2020-11-12.csv"
"move,2";"2020-11-12.csv"
"possibly,2";"2020-11-12.csv"
"significantly,2";"2020-11-12.csv"
"trials,2";"2020-11-12.csv"
"test,2";"2020-11-12.csv"
"individual,2";"2020-11-12.csv"
"looks,2";"2020-11-12.csv"
"90,2";"2020-11-12.csv"
"individuals,2";"2020-11-12.csv"
"trial,2";"2020-11-12.csv"
"direct,2";"2020-11-12.csv"
"12,2";"2020-11-12.csv"
"information,2";"2020-11-12.csv"
"transmission,2";"2020-11-12.csv"
"use,2";"2020-11-12.csv"
"populations,2";"2020-11-12.csv"
"distributed,2";"2020-11-12.csv"
"based,2";"2020-11-12.csv"
"proposal,2";"2020-11-12.csv"
"clinicians,2";"2020-11-12.csv"
"thejoint,2";"2020-11-12.csv"
"group,2";"2020-11-12.csv"
"interim,2";"2020-11-12.csv"
"homes,2";"2020-11-12.csv"
"vulnerability,2";"2020-11-12.csv"
"stretch,2";"2020-11-12.csv"
"concern,2";"2020-11-12.csv"
"personally,2";"2020-11-12.csv"
"below,2";"2020-11-12.csv"
"18,2";"2020-11-12.csv"
"expert,2";"2020-11-12.csv"
"either,2";"2020-11-12.csv"
"older,2";"2020-11-12.csv"
"ever,2";"2020-11-12.csv"
"announcement,2";"2020-11-12.csv"
"necessarily,2";"2020-11-12.csv"
"learned,2";"2020-11-12.csv"
"under,2";"2020-11-12.csv"
"unlikely,2";"2020-11-12.csv"
"dying,2";"2020-11-12.csv"
"front,2";"2020-11-12.csv"
"later,2";"2020-11-12.csv"
"recommendations,2";"2020-11-12.csv"
"foresee,2";"2020-11-12.csv"
"bought,2";"2020-11-12.csv"
"infrastructure,2";"2020-11-12.csv"
"guarantee,2";"2020-11-12.csv"
"complicated,2";"2020-11-12.csv"
"isnt,2";"2020-11-12.csv"
"super,2";"2020-11-12.csv"
"keep,2";"2020-11-12.csv"
"stage,2";"2020-11-12.csv"
"sorted,2";"2020-11-12.csv"
"each,2";"2020-11-12.csv"
"deployment,2";"2020-11-12.csv"
"incredibly,2";"2020-11-12.csv"
"making,2";"2020-11-12.csv"
"known,2";"2020-11-12.csv"
"hold,2";"2020-11-12.csv"
"deep,2";"2020-11-12.csv"
"supported,2";"2020-11-12.csv"
"organisation,2";"2020-11-12.csv"
"parts,2";"2020-11-12.csv"
"every,2";"2020-11-12.csv"
"day,2";"2020-11-12.csv"
"news,2";"2020-11-12.csv"
"series,2";"2020-11-12.csv"
"10,2";"2020-11-12.csv"
"started,2";"2020-11-12.csv"
"takes,2";"2020-11-12.csv"
"comes,2";"2020-11-12.csv"
"shot,2";"2020-11-12.csv"
"playing,2";"2020-11-12.csv"
"logistical,2";"2020-11-12.csv"
"understand,2";"2020-11-12.csv"
"ellie,2";"2020-11-12.csv"
"aware,2";"2020-11-12.csv"
"supply,2";"2020-11-12.csv"
"park,2";"2020-11-12.csv"
"eamon,2";"2020-11-12.csv"
"guess,2";"2020-11-12.csv"
"statement,2";"2020-11-12.csv"
"massive,2";"2020-11-12.csv"
"campaign,2";"2020-11-12.csv"
"running,2";"2020-11-12.csv"
"using,2";"2020-11-12.csv"
"straightforward,2";"2020-11-12.csv"
"pharmacist,2";"2020-11-12.csv"
"worth,2";"2020-11-12.csv"
"oxford,2";"2020-11-12.csv"
"university,2";"2020-11-12.csv"
"set,2";"2020-11-12.csv"
"together,2";"2020-11-12.csv"
"help,2";"2020-11-12.csv"
"response,2";"2020-11-12.csv"
"amount,2";"2020-11-12.csv"
"necessary,2";"2020-11-12.csv"
"late,2";"2020-11-12.csv"
"hang,2";"2020-11-12.csv"
"minute,2";"2020-11-12.csv"
"distancing,2";"2020-11-12.csv"
"answers,2";"2020-11-12.csv"
"ask,2";"2020-11-12.csv"
"sorts,2";"2020-11-12.csv"
"covid19,2";"2020-11-12.csv"
"kay,2";"2020-11-12.csv"
"general,2";"2020-11-12.csv"
"especially,2";"2020-11-12.csv"
"fully,2";"2020-11-12.csv"
"future,2";"2020-11-12.csv"
"during,2";"2020-11-12.csv"
"rather,2";"2020-11-12.csv"
"effect,2";"2020-11-12.csv"
"surveys,2";"2020-11-12.csv"
"hundred,2";"2020-11-12.csv"
"30,2";"2020-11-12.csv"
"programme,2";"2020-11-12.csv"
"idea,2";"2020-11-12.csv"
"fine,2";"2020-11-12.csv"
"allowed,2";"2020-11-12.csv"
"others,2";"2020-11-12.csv"
"putting,2";"2020-11-12.csv"
"queue,2";"2020-11-12.csv"
"happens,2";"2020-11-12.csv"
"his,2";"2020-11-12.csv"
"position,2";"2020-11-12.csv"
"next,2";"2020-11-12.csv"
"medicine,2";"2020-11-12.csv"
"participants,2";"2020-11-12.csv"
"severe,2";"2020-11-12.csv"
"benefit,2";"2020-11-12.csv"
"paracetamol,2";"2020-11-12.csv"
"build,2";"2020-11-12.csv"
"face,2";"2020-11-12.csv"
"fast,2";"2020-11-12.csv"
"business,2";"2020-11-12.csv"
"desperately,2";"2020-11-12.csv"
"normally,2";"2020-11-12.csv"
"absolute,2";"2020-11-12.csv"
"gamechanger,2";"2020-11-12.csv"
"knowing,2";"2020-11-12.csv"
"lockdown,2";"2020-11-12.csv"
"rules,2";"2020-11-12.csv"
"linear,2";"2020-11-12.csv"
"sense,2";"2020-11-12.csv"
"saw,2";"2020-11-12.csv"
"market,2";"2020-11-12.csv"
"geared,2";"2020-11-12.csv"
"return,2";"2020-11-12.csv"
"specific,2";"2020-11-12.csv"
"carers,2";"2020-11-12.csv"
"january,2";"2020-11-12.csv"
"boris,2";"2020-11-12.csv"
"table,2";"2020-11-12.csv"
"lorries,2";"2020-11-12.csv"
"suspect,2";"2020-11-12.csv"
"deliver,2";"2020-11-12.csv"
"backdrop,2";"2020-11-12.csv"
"dealing,2";"2020-11-12.csv"
"2021,2";"2020-11-12.csv"
"become,2";"2020-11-12.csv"
"overseas,2";"2020-11-12.csv"
"funding,2";"2020-11-12.csv"
"though,2";"2020-11-12.csv"
"hello,2";"2020-11-12.csv"
"pharmaceutical,2";"2020-11-12.csv"
"goes,2";"2020-11-12.csv"
"increasingly,2";"2020-11-12.csv"
"job,2";"2020-11-12.csv"
"becoming,2";"2020-11-12.csv"
"holdups,2";"2020-11-12.csv"
"eventualities,2";"2020-11-12.csv"
"needed,2";"2020-11-12.csv"
"talk,2";"2020-11-12.csv"
"feel,2";"2020-11-12.csv"
"better,2";"2020-11-12.csv"
"reassuring,2";"2020-11-12.csv"
"company,2";"2020-11-12.csv"
"progress,2";"2020-11-12.csv"
"cheap,2";"2020-11-12.csv"
"relatively,2";"2020-11-12.csv"
"regardless,2";"2020-11-12.csv"
"cues,2";"2020-11-12.csv"
"difficulties,2";"2020-11-12.csv"
"small,2";"2020-11-12.csv"
"school,2";"2020-11-12.csv"
"walk,2";"2020-11-12.csv"
"abuse,2";"2020-11-12.csv"
"unemployment,2";"2020-11-12.csv"
"overlooked,2";"2020-11-12.csv"
"deliberately,2";"2020-11-12.csv"
"ignored,2";"2020-11-12.csv"
"educational,2";"2020-11-12.csv"
"employment,2";"2020-11-12.csv"
"20th,2";"2020-11-12.csv"
"local,2";"2020-11-12.csv"
"authorities,2";"2020-11-12.csv"
"feels,2";"2020-11-12.csv"
"hidden,2";"2020-11-12.csv"
"ourselves,2";"2020-11-12.csv"
"hear,2";"2020-11-12.csv"
"must,2";"2020-11-12.csv"
"accessible,2";"2020-11-12.csv"
"buses,2";"2020-11-12.csv"
"emily,2";"2020-11-12.csv"
"diagnosis,2";"2020-11-12.csv"
"language,2";"2020-11-12.csv"
"skills,2";"2020-11-12.csv"
"always,2";"2020-11-12.csv"
"word,2";"2020-11-12.csv"
"assessed,2";"2020-11-12.csv"
"touch,2";"2020-11-12.csv"
"bye,2";"2020-11-12.csv"
"tonights,1";"2020-11-12.csv"
"conservative,1";"2020-11-12.csv"
"2013,1";"2020-11-12.csv"
"cabinet,1";"2020-11-12.csv"
"theresa,1";"2020-11-12.csv"
"mays,1";"2020-11-12.csv"
"culture,1";"2020-11-12.csv"
"appointed,1";"2020-11-12.csv"
"borisjohnson,1";"2020-11-12.csv"
"became,1";"2020-11-12.csv"
"leader,1";"2020-11-12.csv"
"labours,1";"2020-11-12.csv"
"shadowjustice,1";"2020-11-12.csv"
"tony,1";"2020-11-12.csv"
"blair,1";"2020-11-12.csv"
"gordon,1";"2020-11-12.csv"
"lemmy,1";"2020-11-12.csv"
"immunologist,1";"2020-11-12.csv"
"professor,1";"2020-11-12.csv"
"mucosal,1";"2020-11-12.csv"
"london,1";"2020-11-12.csv"
"shattock,1";"2020-11-12.csv"
"somerset,1";"2020-11-12.csv"
"webb,1";"2020-11-12.csv"
"finance,1";"2020-11-12.csv"
"economics,1";"2020-11-12.csv"
"commentator,1";"2020-11-12.csv"
"journalist,1";"2020-11-12.csv"
"editor,1";"2020-11-12.csv"
"comedian,1";"2020-11-12.csv"
"writer,1";"2020-11-12.csv"
"leg,1";"2020-11-12.csv"
"eight,1";"2020-11-12.csv"
"cats,1";"2020-11-12.csv"
"rosiejones,1";"2020-11-12.csv"
"via,1";"2020-11-12.csv"
"video,1";"2020-11-12.csv"
"link,1";"2020-11-12.csv"
"yourejoining,1";"2020-11-12.csv"
"dojoin,1";"2020-11-12.csv"
"media,1";"2020-11-12.csv"
"bbcquestiontime,1";"2020-11-12.csv"
"usual,1";"2020-11-12.csv"
"differently,1";"2020-11-12.csv"
"pitch,1";"2020-11-12.csv"
"topics,1";"2020-11-12.csv"
"ourfirst,1";"2020-11-12.csv"
"mark,1";"2020-11-12.csv"
"reynolds,1";"2020-11-12.csv"
"percentage,1";"2020-11-12.csv"
"truth,1";"2020-11-12.csv"
"undergo,1";"2020-11-12.csv"
"date,1";"2020-11-12.csv"
"passes,1";"2020-11-12.csv"
"hurdle,1";"2020-11-12.csv"
"starts,1";"2020-11-12.csv"
"dose,1";"2020-11-12.csv"
"protects,1";"2020-11-12.csv"
"stopping,1";"2020-11-12.csv"
"spread,1";"2020-11-12.csv"
"robert,1";"2020-11-12.csv"
"catching,1";"2020-11-12.csv"
"sick,1";"2020-11-12.csv"
"prevents,1";"2020-11-12.csv"
"period,1";"2020-11-12.csv"
"studied,1";"2020-11-12.csv"
"prevent,1";"2020-11-12.csv"
"confirm,1";"2020-11-12.csv"
"approved,1";"2020-11-12.csv"
"strictly,1";"2020-11-12.csv"
"upon,1";"2020-11-12.csv"
"experts,1";"2020-11-12.csv"
"formal,1";"2020-11-12.csv"
"vaccinations,1";"2020-11-12.csv"
"immunisations,1";"2020-11-12.csv"
"closely,1";"2020-11-12.csv"
"astrozeneca,1";"2020-11-12.csv"
"works,1";"2020-11-12.csv"
"recommendation,1";"2020-11-12.csv"
"resident,1";"2020-11-12.csv"
"range,1";"2020-11-12.csv"
"obesity,1";"2020-11-12.csv"
"factor,1";"2020-11-12.csv"
"save,1";"2020-11-12.csv"
"oldest,1";"2020-11-12.csv"
"tranche,1";"2020-11-12.csv"
"fairly,1";"2020-11-12.csv"
"close,1";"2020-11-12.csv"
"hesitate,1";"2020-11-12.csv"
"clear,1";"2020-11-12.csv"
"teachers,1";"2020-11-12.csv"
"supermarkets,1";"2020-11-12.csv"
"655,1";"2020-11-12.csv"
"update,1";"2020-11-12.csv"
"groups,1";"2020-11-12.csv"
"50s,1";"2020-11-12.csv"
"justification,1";"2020-11-12.csv"
"illness,1";"2020-11-12.csv"
"aged,1";"2020-11-12.csv"
"least,1";"2020-11-12.csv"
"likely,1";"2020-11-12.csv"
"die,1";"2020-11-12.csv"
"advised,1";"2020-11-12.csv"
"unfortunately,1";"2020-11-12.csv"
"looked,1";"2020-11-12.csv"
"badly,1";"2020-11-12.csv"
"says,1";"2020-11-12.csv"
"anticipating,1";"2020-11-12.csv"
"5096,1";"2020-11-12.csv"
"anticipation,1";"2020-11-12.csv"
"sounds,1";"2020-11-12.csv"
"latest,1";"2020-11-12.csv"
"described,1";"2020-11-12.csv"
"tested,1";"2020-11-12.csv"
"designed,1";"2020-11-12.csv"
"anyway,1";"2020-11-12.csv"
"ill,1";"2020-11-12.csv"
"didnt,1";"2020-11-12.csv"
"mention,1";"2020-11-12.csv"
"britains,1";"2020-11-12.csv"
"asian,1";"2020-11-12.csv"
"minority,1";"2020-11-12.csv"
"ethnic,1";"2020-11-12.csv"
"disproportionately,1";"2020-11-12.csv"
"consequence,1";"2020-11-12.csv"
"nurses,1";"2020-11-12.csv"
"state,1";"2020-11-12.csv"
"uncertain,1";"2020-11-12.csv"
"details,1";"2020-11-12.csv"
"comments,1";"2020-11-12.csv"
"referred,1";"2020-11-12.csv"
"body,1";"2020-11-12.csv"
"published,1";"2020-11-12.csv"
"publish,1";"2020-11-12.csv"
"doses,1";"2020-11-12.csv"
"private,1";"2020-11-12.csv"
"doctor,1";"2020-11-12.csv"
"phase,1";"2020-11-12.csv"
"eligible,1";"2020-11-12.csv"
"guidelines,1";"2020-11-12.csv"
"therefore,1";"2020-11-12.csv"
"developed,1";"2020-11-12.csv"
"behalf,1";"2020-11-12.csv"
"intend,1";"2020-11-12.csv"
"craft,1";"2020-11-12.csv"
"viability,1";"2020-11-12.csv"
"degrees,1";"2020-11-12.csv"
"scottish,1";"2020-11-12.csv"
"pull,1";"2020-11-12.csv"
"sound,1";"2020-11-12.csv"
"sitting,1";"2020-11-12.csv"
"chair,1";"2020-11-12.csv"
"explaining,1";"2020-11-12.csv"
"weekend,1";"2020-11-12.csv"
"charge,1";"2020-11-12.csv"
"distributing,1";"2020-11-12.csv"
"portfolio,1";"2020-11-12.csv"
"england,1";"2020-11-12.csv"
"scotland,1";"2020-11-12.csv"
"wales,1";"2020-11-12.csv"
"northern,1";"2020-11-12.csv"
"ireland,1";"2020-11-12.csv"
"talked,1";"2020-11-12.csv"
"case,1";"2020-11-12.csv"
"science,1";"2020-11-12.csv"
"chemical,1";"2020-11-12.csv"
"biological,1";"2020-11-12.csv"
"arrives,1";"2020-11-12.csv"
"serious,1";"2020-11-12.csv"
"distribute,1";"2020-11-12.csv"
"armed,1";"2020-11-12.csv"
"services,1";"2020-11-12.csv"
"thankfully,1";"2020-11-12.csv"
"significant,1";"2020-11-12.csv"
"reaches,1";"2020-11-12.csv"
"answered,1";"2020-11-12.csv"
"excitement,1";"2020-11-12.csv"
"preventable,1";"2020-11-12.csv"
"encouraging,1";"2020-11-12.csv"
"russia,1";"2020-11-12.csv"
"advantages,1";"2020-11-12.csv"
"four,1";"2020-11-12.csv"
"returns,1";"2020-11-12.csv"
"prioritisation,1";"2020-11-12.csv"
"vaccinating,1";"2020-11-12.csv"
"injanuary,1";"2020-11-12.csv"
"56,1";"2020-11-12.csv"
"immunity,1";"2020-11-12.csv"
"1,1";"2020-11-12.csv"
"april,1";"2020-11-12.csv"
"assuming,1";"2020-11-12.csv"
"catch,1";"2020-11-12.csv"
"immense,1";"2020-11-12.csv"
"hook,1";"2020-11-12.csv"
"prioritise,1";"2020-11-12.csv"
"regards,1";"2020-11-12.csv"
"liaison,1";"2020-11-12.csv"
"organization,1";"2020-11-12.csv"
"china,1";"2020-11-12.csv"
"advanced,1";"2020-11-12.csv"
"communication,1";"2020-11-12.csv"
"marie,1";"2020-11-12.csv"
"wondering,1";"2020-11-12.csv"
"coordinate,1";"2020-11-12.csv"
"transportation,1";"2020-11-12.csv"
"underestimating,1";"2020-11-12.csv"
"product,1";"2020-11-12.csv"
"vaccination,1";"2020-11-12.csv"
"season,1";"2020-11-12.csv"
"pharmacies,1";"2020-11-12.csv"
"replenish,1";"2020-11-12.csv"
"gp,1";"2020-11-12.csv"
"surgeries,1";"2020-11-12.csv"
"month,1";"2020-11-12.csv"
"amy,1";"2020-11-12.csv"
"repeating,1";"2020-11-12.csv"
"words,1";"2020-11-12.csv"
"ofjohn,1";"2020-11-12.csv"
"vale,1";"2020-11-12.csv"
"predicted,1";"2020-11-12.csv"
"caveat,1";"2020-11-12.csv"
"provided,1";"2020-11-12.csv"
"screw,1";"2020-11-12.csv"
"respond,1";"2020-11-12.csv"
"eamons,1";"2020-11-12.csv"
"him,1";"2020-11-12.csv"
"civilian,1";"2020-11-12.csv"
"operations,1";"2020-11-12.csv"
"history,1";"2020-11-12.csv"
"rise,1";"2020-11-12.csv"
"highly,1";"2020-11-12.csv"
"extremely,1";"2020-11-12.csv"
"exercises,1";"2020-11-12.csv"
"learnt,1";"2020-11-12.csv"
"hasnt,1";"2020-11-12.csv"
"challanges,1";"2020-11-12.csv"
"past,1";"2020-11-12.csv"
"facile,1";"2020-11-12.csv"
"problemsjust,1";"2020-11-12.csv"
"runs,1";"2020-11-12.csv"
"blew,1";"2020-11-12.csv"
"500,1";"2020-11-12.csv"
"york,1";"2020-11-12.csv"
"sixth,1";"2020-11-12.csv"
"richest,1";"2020-11-12.csv"
"track,1";"2020-11-12.csv"
"trace,1";"2020-11-12.csv"
"slightly,1";"2020-11-12.csv"
"nervous,1";"2020-11-12.csv"
"summer,1";"2020-11-12.csv"
"nation,1";"2020-11-12.csv"
"participating,1";"2020-11-12.csv"
"doable,1";"2020-11-12.csv"
"lead,1";"2020-11-12.csv"
"member,1";"2020-11-12.csv"
"love,1";"2020-11-12.csv"
"try,1";"2020-11-12.csv"
"recent,1";"2020-11-12.csv"
"survey,1";"2020-11-12.csv"
"found,1";"2020-11-12.csv"
"british,1";"2020-11-12.csv"
"hesitating,1";"2020-11-12.csv"
"adequate,1";"2020-11-12.csv"
"rigorous,1";"2020-11-12.csv"
"testing,1";"2020-11-12.csv"
"expect,1";"2020-11-12.csv"
"previous,1";"2020-11-12.csv"
"thalidomide,1";"2020-11-12.csv"
"reticence,1";"2020-11-12.csv"
"unknown,1";"2020-11-12.csv"
"unknowns,1";"2020-11-12.csv"
"staying,1";"2020-11-12.csv"
"positive,1";"2020-11-12.csv"
"volunteers,1";"2020-11-12.csv"
"helping,1";"2020-11-12.csv"
"knows,1";"2020-11-12.csv"
"suppose,1";"2020-11-12.csv"
"cautious,1";"2020-11-12.csv"
"fair,1";"2020-11-12.csv"
"imean,1";"2020-11-12.csv"
"depending,1";"2020-11-12.csv"
"seven,1";"2020-11-12.csv"
"generally,1";"2020-11-12.csv"
"suspicious,1";"2020-11-12.csv"
"reminding,1";"2020-11-12.csv"
"accuracy,1";"2020-11-12.csv"
"18005,1";"2020-11-12.csv"
"kids,1";"2020-11-12.csv"
"died,1";"2020-11-12.csv"
"perhaps,1";"2020-11-12.csv"
"politicians,1";"2020-11-12.csv"
"fallen,1";"2020-11-12.csv"
"substantially,1";"2020-11-12.csv"
"suggest,1";"2020-11-12.csv"
"top,1";"2020-11-12.csv"
"civil,1";"2020-11-12.csv"
"servants,1";"2020-11-12.csv"
"element,1";"2020-11-12.csv"
"everything,1";"2020-11-12.csv"
"basically,1";"2020-11-12.csv"
"drop,1";"2020-11-12.csv"
"floor,1";"2020-11-12.csv"
"frothing,1";"2020-11-12.csv"
"mouth,1";"2020-11-12.csv"
"encourage,1";"2020-11-12.csv"
"ahead,1";"2020-11-12.csv"
"department,1";"2020-11-12.csv"
"worker,1";"2020-11-12.csv"
"notjumping,1";"2020-11-12.csv"
"persuade,1";"2020-11-12.csv"
"shall,1";"2020-11-12.csv"
"unscientific,1";"2020-11-12.csv"
"straw,1";"2020-11-12.csv"
"poll,1";"2020-11-12.csv"
"unanimity,1";"2020-11-12.csv"
"nodding,1";"2020-11-12.csv"
"vigorously,1";"2020-11-12.csv"
"spoken,1";"2020-11-12.csv"
"jays,1";"2020-11-12.csv"
"common,1";"2020-11-12.csv"
"clean,1";"2020-11-12.csv"
"water,1";"2020-11-12.csv"
"implementation,1";"2020-11-12.csv"
"globally,1";"2020-11-12.csv"
"saved,1";"2020-11-12.csv"
"perceive,1";"2020-11-12.csv"
"too,1";"2020-11-12.csv"
"disservice,1";"2020-11-12.csv"
"changing,1";"2020-11-12.csv"
"happened,1";"2020-11-12.csv"
"exposed,1";"2020-11-12.csv"
"43000,1";"2020-11-12.csv"
"occur,1";"2020-11-12.csv"
"within,1";"2020-11-12.csv"
"medicines,1";"2020-11-12.csv"
"fda,1";"2020-11-12.csv"
"anything,1";"2020-11-12.csv"
"squea,1";"2020-11-12.csv"
"kyclean,1";"2020-11-12.csv"
"record,1";"2020-11-12.csv"
"forget,1";"2020-11-12.csv"
"stimulates,1";"2020-11-12.csv"
"immune,1";"2020-11-12.csv"
"tricks,1";"2020-11-12.csv"
"aspect,1";"2020-11-12.csv"
"viral,1";"2020-11-12.csv"
"minor,1";"2020-11-12.csv"
"real,1";"2020-11-12.csv"
"outcome,1";"2020-11-12.csv"
"outweighs,1";"2020-11-12.csv"
"theoretical,1";"2020-11-12.csv"
"diseases,1";"2020-11-12.csv"
"away,1";"2020-11-12.csv"
"pour,1";"2020-11-12.csv"
"scare,1";"2020-11-12.csv"
"concerns,1";"2020-11-12.csv"
"familiar,1";"2020-11-12.csv"
"desperate,1";"2020-11-12.csv"
"normality,1";"2020-11-12.csv"
"speaks,1";"2020-11-12.csv"
"itself,1";"2020-11-12.csv"
"stewart,1";"2020-11-12.csv"
"initial,1";"2020-11-12.csv"
"bracket,1";"2020-11-12.csv"
"receive,1";"2020-11-12.csv"
"abide,1";"2020-11-12.csv"
"lockdowns,1";"2020-11-12.csv"
"section,1";"2020-11-12.csv"
"hows,1";"2020-11-12.csv"
"transmit,1";"2020-11-12.csv"
"lift,1";"2020-11-12.csv"
"measures,1";"2020-11-12.csv"
"monitor,1";"2020-11-12.csv"
"afterwards,1";"2020-11-12.csv"
"earlier,1";"2020-11-12.csv"
"faster,1";"2020-11-12.csv"
"sooner,1";"2020-11-12.csv"
"unknowable,1";"2020-11-12.csv"
"frame,1";"2020-11-12.csv"
"operate,1";"2020-11-12.csv"
"knowledge,1";"2020-11-12.csv"
"majority,1";"2020-11-12.csv"
"appalling,1";"2020-11-12.csv"
"cycle,1";"2020-11-12.csv"
"hyper,1";"2020-11-12.csv"
"activity,1";"2020-11-12.csv"
"tier,1";"2020-11-12.csv"
"curfew,1";"2020-11-12.csv"
"astonishing,1";"2020-11-12.csv"
"moves,1";"2020-11-12.csv"
"effectively,1";"2020-11-12.csv"
"airlines,1";"2020-11-12.csv"
"pubs,1";"2020-11-12.csv"
"berserk,1";"2020-11-12.csv"
"stocks,1";"2020-11-12.csv"
"nightmare,1";"2020-11-12.csv"
"fall,1";"2020-11-12.csv"
"finally,1";"2020-11-12.csv"
"choppy,1";"2020-11-12.csv"
"cover,1";"2020-11-12.csv"
"wonder,1";"2020-11-12.csv"
"unsung,1";"2020-11-12.csv"
"heroes,1";"2020-11-12.csv"
"caring,1";"2020-11-12.csv"
"family,1";"2020-11-12.csv"
"seem,1";"2020-11-12.csv"
"nationally,1";"2020-11-12.csv"
"defining,1";"2020-11-12.csv"
"goodness,1";"2020-11-12.csv"
"downgrading,1";"2020-11-12.csv"
"define,1";"2020-11-12.csv"
"broad,1";"2020-11-12.csv"
"category,1";"2020-11-12.csv"
"giving,1";"2020-11-12.csv"
"prepared,1";"2020-11-12.csv"
"key,1";"2020-11-12.csv"
"rely,1";"2020-11-12.csv"
"expedited,1";"2020-11-12.csv"
"barriers,1";"2020-11-12.csv"
"importation,1";"2020-11-12.csv"
"swaying,1";"2020-11-12.csv"
"priorities,1";"2020-11-12.csv"
"told,1";"2020-11-12.csv"
"oven,1";"2020-11-12.csv"
"jeopardises,1";"2020-11-12.csv"
"executive,1";"2020-11-12.csv"
"port,1";"2020-11-12.csv"
"nodeal,1";"2020-11-12.csv"
"cost,1";"2020-11-12.csv"
"billion,1";"2020-11-12.csv"
"traffic,1";"2020-11-12.csv"
"?ows,1";"2020-11-12.csv"
"4060,1";"2020-11-12.csv"
"clock,1";"2020-11-12.csv"
"ticking,1";"2020-11-12.csv"
"worrying,1";"2020-11-12.csv"
"united,1";"2020-11-12.csv"
"states,1";"2020-11-12.csv"
"america,1";"2020-11-12.csv"
"risked,1";"2020-11-12.csv"
"frictionless,1";"2020-11-12.csv"
"trade,1";"2020-11-12.csv"
"involve,1";"2020-11-12.csv"
"tariffs,1";"2020-11-12.csv"
"food,1";"2020-11-12.csv"
"backed,1";"2020-11-12.csv"
"area,1";"2020-11-12.csv"
"promises,1";"2020-11-12.csv"
"tough,1";"2020-11-12.csv"
"economic,1";"2020-11-12.csv"
"consequences,1";"2020-11-12.csv"
"extension,1";"2020-11-12.csv"
"mess,1";"2020-11-12.csv"
"subject,1";"2020-11-12.csv"
"lst,1";"2020-11-12.csv"
"oiled,1";"2020-11-12.csv"
"gateway,1";"2020-11-12.csv"
"europe,1";"2020-11-12.csv"
"car,1";"2020-11-12.csv"
"plays,1";"2020-11-12.csv"
"doesnt,1";"2020-11-12.csv"
"directly,1";"2020-11-12.csv"
"immediate,1";"2020-11-12.csv"
"ramp,1";"2020-11-12.csv"
"cutting,1";"2020-11-12.csv"
"edge,1";"2020-11-12.csv"
"pragmatic,1";"2020-11-12.csv"
"view,1";"2020-11-12.csv"
"purchase,1";"2020-11-12.csv"
"increasing,1";"2020-11-12.csv"
"reliance,1";"2020-11-12.csv"
"production,1";"2020-11-12.csv"
"teams,1";"2020-11-12.csv"
"requires,1";"2020-11-12.csv"
"scratch,1";"2020-11-12.csv"
"examples,1";"2020-11-12.csv"
"ra,1";"2020-11-12.csv"
"used,1";"2020-11-12.csv"
"tipping,1";"2020-11-12.csv"
"germany,1";"2020-11-12.csv"
"biontech,1";"2020-11-12.csv"
"grants,1";"2020-11-12.csv"
"german,1";"2020-11-12.csv"
"350,1";"2020-11-12.csv"
"250,1";"2020-11-12.csv"
"apiece,1";"2020-11-12.csv"
"funded,1";"2020-11-12.csv"
"strategy,1";"2020-11-12.csv"
"nurture,1";"2020-11-12.csv"
"industry,1";"2020-11-12.csv"
"thanjust,1";"2020-11-12.csv"
"startup,1";"2020-11-12.csv"
"sustainable,1";"2020-11-12.csv"
"longterm,1";"2020-11-12.csv"
"strategic,1";"2020-11-12.csv"
"sums,1";"2020-11-12.csv"
"anticipate,1";"2020-11-12.csv"
"flagship,1";"2020-11-12.csv"
"hilt,1";"2020-11-12.csv"
"picking,1";"2020-11-12.csv"
"shadow,1";"2020-11-12.csv"
"justice,1";"2020-11-12.csv"
"secretarys,1";"2020-11-12.csv"
"defeat,1";"2020-11-12.csv"
"house,1";"2020-11-12.csv"
"lords,1";"2020-11-12.csv"
"clauses,1";"2020-11-12.csv"
"internal,1";"2020-11-12.csv"
"bill,1";"2020-11-12.csv"
"policy,1";"2020-11-12.csv"
"presidentelectjoe,1";"2020-11-12.csv"
"biden,1";"2020-11-12.csv"
"antonio,1";"2020-11-12.csv"
"deals,1";"2020-11-12.csv"
"regarding,1";"2020-11-12.csv"
"strategies,1";"2020-11-12.csv"
"profits,1";"2020-11-12.csv"
"ransom,1";"2020-11-12.csv"
"produce,1";"2020-11-12.csv"
"justin,1";"2020-11-12.csv"
"mr,1";"2020-11-12.csv"
"anywhere,1";"2020-11-12.csv"
"near,1";"2020-11-12.csv"
"placating,1";"2020-11-12.csv"
"apathetic,1";"2020-11-12.csv"
"drip,1";"2020-11-12.csv"
"fed,1";"2020-11-12.csv"
"failures,1";"2020-11-12.csv"
"costly,1";"2020-11-12.csv"
"failure,1";"2020-11-12.csv"
"double,1";"2020-11-12.csv"
"standards,1";"2020-11-12.csv"
"manage,1";"2020-11-12.csv"
"relies,1";"2020-11-12.csv"
"subcontractors,1";"2020-11-12.csv"
"recently,1";"2020-11-12.csv"
"vetting,1";"2020-11-12.csv"
"suffered,1";"2020-11-12.csv"
"rumours,1";"2020-11-12.csv"
"simply,1";"2020-11-12.csv"
"medical,1";"2020-11-12.csv"
"grade,1";"2020-11-12.csv"
"vials,1";"2020-11-12.csv"
"theirjob,1";"2020-11-12.csv"
"monumental,1";"2020-11-12.csv"
"waste,1";"2020-11-12.csv"
"drag,1";"2020-11-12.csv"
"original,1";"2020-11-12.csv"
"utterly,1";"2020-11-12.csv"
"warnings,1";"2020-11-12.csv"
"road,1";"2020-11-12.csv"
"hauliers,1";"2020-11-12.csv"
"parks,1";"2020-11-12.csv"
"manufactured,1";"2020-11-12.csv"
"belgium,1";"2020-11-12.csv"
"fly,1";"2020-11-12.csv"
"avoid,1";"2020-11-12.csv"
"problems,1";"2020-11-12.csv"
"expensive,1";"2020-11-12.csv"
"importance,1";"2020-11-12.csv"
"cannot,1";"2020-11-12.csv"
"underestimated,1";"2020-11-12.csv"
"excellent,1";"2020-11-12.csv"
"joes,1";"2020-11-12.csv"
"vaccinators,1";"2020-11-12.csv"
"underlines,1";"2020-11-12.csv"
"hugely,1";"2020-11-12.csv"
"complex,1";"2020-11-12.csv"
"project,1";"2020-11-12.csv"
"preparing,1";"2020-11-12.csv"
"delivery,1";"2020-11-12.csv"
"annoyed,1";"2020-11-12.csv"
"hearing,1";"2020-11-12.csv"
"sharing,1";"2020-11-12.csv"
"today,1";"2020-11-12.csv"
"reassured,1";"2020-11-12.csv"
"safer,1";"2020-11-12.csv"
"steps,1";"2020-11-12.csv"
"anybody,1";"2020-11-12.csv"
"lam,1";"2020-11-12.csv"
"uncertainties,1";"2020-11-12.csv"
"dutybound,1";"2020-11-12.csv"
"instance,1";"2020-11-12.csv"
"tell,1";"2020-11-12.csv"
"cofounders,1";"2020-11-12.csv"
"mid,1";"2020-11-12.csv"
"page,1";"2020-11-12.csv"
"1st,1";"2020-11-12.csv"
"guaranteeing,1";"2020-11-12.csv"
"easier,1";"2020-11-12.csv"
"towards,1";"2020-11-12.csv"
"hurdles,1";"2020-11-12.csv"
"length,1";"2020-11-12.csv"
"interesting,1";"2020-11-12.csv"
"exciting,1";"2020-11-12.csv"
"gives,1";"2020-11-12.csv"
"various,1";"2020-11-12.csv"
"steroid,1";"2020-11-12.csv"
"drug,1";"2020-11-12.csv"
"illnesses,1";"2020-11-12.csv"
"shown,1";"2020-11-12.csv"
"death,1";"2020-11-12.csv"
"rates,1";"2020-11-12.csv"
"falling,1";"2020-11-12.csv"
"mortality,1";"2020-11-12.csv"
"rate,1";"2020-11-12.csv"
"low,1";"2020-11-12.csv"
"learning,1";"2020-11-12.csv"
"translates,1";"2020-11-12.csv"
"shopping,1";"2020-11-12.csv"
"chance,1";"2020-11-12.csv"
"eu,1";"2020-11-12.csv"
"organised,1";"2020-11-12.csv"
"wider,1";"2020-11-12.csv"
"presumably,1";"2020-11-12.csv"
"wto,1";"2020-11-12.csv"
"fta,1";"2020-11-12.csv"
"belong,1";"2020-11-12.csv"
"involves,1";"2020-11-12.csv"
"pieces,1";"2020-11-12.csv"
"paper,1";"2020-11-12.csv"
"admin,1";"2020-11-12.csv"
"types,1";"2020-11-12.csv"
"results,1";"2020-11-12.csv"
"blockages,1";"2020-11-12.csv"
"unpleasant,1";"2020-11-12.csv"
"term,1";"2020-11-12.csv"
"price,1";"2020-11-12.csv"
"topic,1";"2020-11-12.csv"
"jamie,1";"2020-11-12.csv"
"treating,1";"2020-11-12.csv"
"respect,1";"2020-11-12.csv"
"equality,1";"2020-11-12.csv"
"pigeonhole,1";"2020-11-12.csv"
"obvious,1";"2020-11-12.csv"
"icant,1";"2020-11-12.csv"
"imagine,1";"2020-11-12.csv"
"experience,1";"2020-11-12.csv"
"1995,1";"2020-11-12.csv"
"old,1";"2020-11-12.csv"
"doubt,1";"2020-11-12.csv"
"mainstream,1";"2020-11-12.csv"
"went,1";"2020-11-12.csv"
"cerebral,1";"2020-11-12.csv"
"palsy,1";"2020-11-12.csv"
"independent,1";"2020-11-12.csv"
"human,1";"2020-11-12.csv"
"proud,1";"2020-11-12.csv"
"groundbreaking,1";"2020-11-12.csv"
"whenever,1";"2020-11-12.csv"
"street,1";"2020-11-12.csv"
"wear,1";"2020-11-12.csv"
"headphones,1";"2020-11-12.csv"
"daily,1";"2020-11-12.csv"
"basis,1";"2020-11-12.csv"
"times,1";"2020-11-12.csv"
"amongst,1";"2020-11-12.csv"
"tried,1";"2020-11-12.csv"
"forjobs,1";"2020-11-12.csv"
"hung,1";"2020-11-12.csv"
"speak,1";"2020-11-12.csv"
"quarter,1";"2020-11-12.csv"
"unemployed,1";"2020-11-12.csv"
"rising,1";"2020-11-12.csv"
"listen,1";"2020-11-12.csv"
"special,1";"2020-11-12.csv"
"struggle,1";"2020-11-12.csv"
"parents,1";"2020-11-12.csv"
"thinking,1";"2020-11-12.csv"
"young,1";"2020-11-12.csv"
"man,1";"2020-11-12.csv"
"dragged,1";"2020-11-12.csv"
"blind,1";"2020-11-12.csv"
"required,1";"2020-11-12.csv"
"story,1";"2020-11-12.csv"
"women,1";"2020-11-12.csv"
"oppressed,1";"2020-11-12.csv"
"rights,1";"2020-11-12.csv"
"thatjourney,1";"2020-11-12.csv"
"recession,1";"2020-11-12.csv"
"deeply,1";"2020-11-12.csv"
"disabilities,1";"2020-11-12.csv"
"defund,1";"2020-11-12.csv"
"croydon,1";"2020-11-12.csv"
"northampton,1";"2020-11-12.csv"
"bust,1";"2020-11-12.csv"
"budget,1";"2020-11-12.csv"
"cuts,1";"2020-11-12.csv"
"adult,1";"2020-11-12.csv"
"depend,1";"2020-11-12.csv"
"kit,1";"2020-11-12.csv"
"equipment,1";"2020-11-12.csv"
"cut,1";"2020-11-12.csv"
"centres,1";"2020-11-12.csv"
"across,1";"2020-11-12.csv"
"rosy,1";"2020-11-12.csv"
"picture,1";"2020-11-12.csv"
"rollback,1";"2020-11-12.csv"
"endorse,1";"2020-11-12.csv"
"continues,1";"2020-11-12.csv"
"challenged,1";"2020-11-12.csv"
"shapes,1";"2020-11-12.csv"
"visible,1";"2020-11-12.csv"
"often,1";"2020-11-12.csv"
"conscious,1";"2020-11-12.csv"
"daughters,1";"2020-11-12.csv"
"chromosome,1";"2020-11-12.csv"
"abnormality,1";"2020-11-12.csv"
"physical,1";"2020-11-12.csv"
"disadvantaged,1";"2020-11-12.csv"
"yourself,1";"2020-11-12.csv"
"repeatedly,1";"2020-11-12.csv"
"fight,1";"2020-11-12.csv"
"relaxed,1";"2020-11-12.csv"
"type,1";"2020-11-12.csv"
"prejudice,1";"2020-11-12.csv"
"except,1";"2020-11-12.csv"
"families,1";"2020-11-12.csv"
"touched,1";"2020-11-12.csv"
"inside,1";"2020-11-12.csv"
"theirfamily,1";"2020-11-12.csv"
"underestimate,1";"2020-11-12.csv"
"understands,1";"2020-11-12.csv"
"lack,1";"2020-11-12.csv"
"buildings,1";"2020-11-12.csv"
"travesty,1";"2020-11-12.csv"
"considered,1";"2020-11-12.csv"
"surprised,1";"2020-11-12.csv"
"learn,1";"2020-11-12.csv"
"coaches,1";"2020-11-12.csv"
"rail,1";"2020-11-12.csv"
"replacement,1";"2020-11-12.csv"
"60,1";"2020-11-12.csv"
"hands,1";"2020-11-12.csv"
"applaud,1";"2020-11-12.csv"
"raise,1";"2020-11-12.csv"
"sen,1";"2020-11-12.csv"
"struggling,1";"2020-11-12.csv"
"schools,1";"2020-11-12.csv"
"delays,1";"2020-11-12.csv"
"neurodifferences,1";"2020-11-12.csv"
"areas,1";"2020-11-12.csv"
"kent,1";"2020-11-12.csv"
"delay,1";"2020-11-12.csv"
"waiting,1";"2020-11-12.csv"
"entire,1";"2020-11-12.csv"
"helpful,1";"2020-11-12.csv"
"matter,1";"2020-11-12.csv"
"adding,1";"2020-11-12.csv"
"lessjudgmental,1";"2020-11-12.csv"
"admire,1";"2020-11-12.csv"
"articulate,1";"2020-11-12.csv"
"strong,1";"2020-11-12.csv"
"neuro,1";"2020-11-12.csv"
"diverse,1";"2020-11-12.csv"
"dyslexic,1";"2020-11-12.csv"
"took,1";"2020-11-12.csv"
"diagnosed,1";"2020-11-12.csv"
"difference,1";"2020-11-12.csv"
"lucky,1";"2020-11-12.csv"
"maths,1";"2020-11-12.csv"
"despite,1";"2020-11-12.csv"
"poor,1";"2020-11-12.csv"
"written,1";"2020-11-12.csv"
"feltjust,1";"2020-11-12.csv"
"tiny,1";"2020-11-12.csv"
"daniels,1";"2020-11-12.csv"
"pushing,1";"2020-11-12.csv"
"bosses,1";"2020-11-12.csv"
"god,1";"2020-11-12.csv"
"accepting,1";"2020-11-12.csv"
"contribute,1";"2020-11-12.csv"
"mission,1";"2020-11-12.csv"
"contribution,1";"2020-11-12.csv"
"bring,1";"2020-11-12.csv"
"almost,1";"2020-11-12.csv"
"kick,1";"2020-11-12.csv"
"dla,1";"2020-11-12.csv"
"living,1";"2020-11-12.csv"
"allowance,1";"2020-11-12.csv"
"personal,1";"2020-11-12.csv"
"independence,1";"2020-11-12.csv"
"payment,1";"2020-11-12.csv"
"650000,1";"2020-11-12.csv"
"caught,1";"2020-11-12.csv"
"insanely,1";"2020-11-12.csv"
"angry,1";"2020-11-12.csv"
"2008,1";"2020-11-12.csv"
"kept,1";"2020-11-12.csv"
"gave,1";"2020-11-12.csv"
"luckily,1";"2020-11-12.csv"
"harder,1";"2020-11-12.csv"
"push,1";"2020-11-12.csv"
"poverty,1";"2020-11-12.csv"
"stranger,1";"2020-11-12.csv"
"minutes,1";"2020-11-12.csv"
"thatjust,1";"2020-11-12.csv"
"blood,1";"2020-11-12.csv"
"boil,1";"2020-11-12.csv"
"stop,1";"2020-11-12.csv"
"ignoring,1";"2020-11-12.csv"
"22,1";"2020-11-12.csv"
"listening,1";"2020-11-12.csv"
"applause,1";"2020-11-12.csv"
"glad,1";"2020-11-12.csv"
"ourtime,1";"2020-11-12.csv"
"windsor,1";"2020-11-12.csv"
"swansea,1";"2020-11-12.csv"
"website,1";"2020-11-12.csv"
"online,1";"2020-11-12.csv"
"form,1";"2020-11-12.csv"
"fill,1";"2020-11-12.csv"
"adrian,1";"2020-11-12.csv"
"chiles,1";"2020-11-12.csv"
"extra,1";"2020-11-12.csv"
"carry,1";"2020-11-12.csv"
"forjoining,1";"2020-11-12.csv"
"watching,1";"2020-11-12.csv"
